abseil-cpp,https://github.com/abseil/abseil-cpp.git
abseil-py,https://github.com/abseil/abseil-py
ada-url,https://github.com/ada-url/ada.git
adal,https://github.com/AzureAD/azure-activedirectory-library-for-python
aiohttp,https://github.com/aio-libs/aiohttp
airflow,https://github.com/apache/airflow
alembic,https://github.com/alembic/alembic
ampproject,https://github.com/ampproject/amphtml
angular,https://github.com/angular/angular.git
angus-mail,https://github.com/eclipse-ee4j/angus-mail.git
aniso8601,https://bitbucket.org/nielsenb/aniso8601
ansible,https://github.com/ansible/ansible
antlr3-java,https://github.com/antlr/antlr3.git
antlr4-java,https://github.com/antlr/antlr4.git
apache-axis2,https://github.com/apache/axis-axis2-java-core.git
apache-commons-bcel,https://github.com/apache/commons-bcel.git
apache-commons-beanutils,https://github.com/apache/commons-beanutils.git
apache-commons-cli,https://github.com/apache/commons-cli.git
apache-commons-codec,https://gitbox.apache.org/repos/asf/commons-codec.git
apache-commons-collections,https://gitbox.apache.org/repos/asf/commons-codellections.git
apache-commons-compress,https://github.com/apache/commons-compress
apache-commons-configuration,https://gitbox.apache.org/repos/asf/commons-configuration.git
apache-commons-csv,https://github.com/apache/commons-csv.git
apache-commons-fileupload,https://github.com/apache/commons-fileupload.git
apache-commons-geometry,https://github.com/apache/commons-geometry
apache-commons-imaging,https://github.com/apache/commons-imaging
apache-commons-io,https://gitbox.apache.org/repos/asf/commons-io.git
apache-commons-jxpath,https://github.com/apache/commons-jxpath.git
apache-commons-lang,https://github.com/apache/commons-lang.git
apache-commons-logging,https://gitbox.apache.org/repos/asf/commons-logging.git
apache-commons-math,https://github.com/apache/commons-math
apache-commons-text,https://github.com/apache/commons-text/
apache-cxf,https://github.com/apache/cxf/
apache-felix-dev,https://github.com/apache/felix-dev.git
apache-httpd,https://github.com/apache/httpd
apache-poi,https://github.com/apache/poi.git
aptos-core,https://github.com/aptos-labs/aptos-core
archaius-core,https://github.com/Netflix/archaius.git
arduinojson,https://github.com/bblanchon/ArduinoJson.git
argcomplete,https://github.com/kislyuk/argcomplete
argo,https://github.com/argoproj
args4j,https://github.com/kohsuke/args4j
arrow-java,https://github.com/apache/arrow.git
arrow-py,https://github.com/arrow-py/arrow
arrow,https://github.com/apache/arrow.git
askama,https://github.com/djc/askama
asn1crypto,https://github.com/wbond/asn1crypto
aspectj,https://github.com/eclipse/org.aspectj
aspell,https://github.com/gnuaspell/aspell.git
assimp,https://github.com/assimp/assimp.git
astc-encoder,https://github.com/ARM-software/astc-encoder
asteval,https://github.com/newville/asteval
astro-compiler,https://github.com/withastro/compiler
astroid,https://github.com/PyCQA/astroid
asttokens,https://github.com/gristlabs/asttokens
async-http-client,https://github.com/AsyncHttpClient/async-http-client/
atomic,https://github.com/uber-go/atomic
augeas,https://github.com/hercules-team/augeas
autoflake,https://www.github.com/PyCQA/autoflake
autopep8,https://github.com/hhatto/autopep8
avahi,https://github.com/lathiat/avahi
avro,https://github.com/apache/avro
azure-sdk-for-python,https://github.com/azure/azure-sdk-for-python
babel,https://github.com/python-babel/babel
bad_example,https://github.com/madler/zlib
bazel-rules-fuzzing-test-java,https://github.com/bazelbuild/rules_fuzzing
bazel-rules-fuzzing-test,https://github.com/bazelbuild/rules_fuzzing
bc-java-wycheproof,https://github.com/bcgit/bc-java.git
bc-java,https://github.com/bcgit/bc-java.git
bearssl,https://www.bearssl.org/git/BearSSL
bignum-fuzzer,https://github.com/guidovranken/bignum-fuzzer
bincode,https://github.com/bincode-org/bincode
bind9,https://gitlab.isc.org/isc-projects/bind9.git
binutils,https://github.com/bminor/binutils-gdb
bitcoin-core,https://github.com/bitcoin/bitcoin.git
black,https://github.com/psf/black
blackfriday,https://github.com/russross/blackfriday
bleach,https://github.com/mozilla/bleach
bloaty,https://github.com/google/bloaty.git
bls-signatures,https://github.com/supranational/blst.git
bluez,https://github.com/bluez/bluez
boost-json,https://github.com/boostorg/json.git
boost,https://github.com/boostorg/boost.git
boringssl,https://boringssl.googlesource.com/boringssl
botan,https://github.com/randombit/botan.git
botocore,https://github.com/boto/botocore
bottleneck,https://github.com/pydata/bottleneck
brotli-java,https://github.com/google/brotli
brotli,https://github.com/google/brotli.git
brpc,https://github.com/apache/incubator-brpc
brunsli,https://github.com/google/brunsli.git
bs4,https://code.launchpad.net/~leonardr/beautifulsoup/bs4
bson-rust,https://github.com/mongodb/bson-rust
burntsushi-toml,https://github.com/BurntSushi/toml
bz2file,https://github.com/nvawda/bz2file
bzip2,https://github.com/nvawda/bz2file
c-ares,https://github.com/c-ares/c-ares.git
c-blosc,https://github.com/Blosc/c-blosc.git
c-blosc2,https://github.com/Blosc/c-blosc2.git
cachetools,https://github.com/tkem/cachetools/
caddy,https://github.com/caddyserver/caddy.git
cairo,https://gitlab.freedesktop.org/cairo/cairo.git
calcite-avatica,https://github.com/apache/calcite-avatica
calcite,https://github.com/apache/calcite/
canvg,https://github.com/canvg/canvg
capnproto,https://github.com/capnproto/capnproto
capstone,https://github.com/capstone-engine/capstone.git
cascadia,https://github.com/andybalholm/cascadia
casync,https://github.com/systemd/casync
catapult,https://github.com/nemtech/catapult-server
cbor-java,https://android.googlesource.com/platform/external/cbor-java/+/refs/heads/master
cctz,https://github.com/google/cctz
cel-cpp,https://github.com/google/cel-cpp
cel-go,https://github.com/google/cel-go
cfengine,https://github.com/cfengine/core
cffi,https://foss.heptapod.net/pypy/cffi
cgif,https://github.com/dloebl/cgif.git
cglib,https://github.com/cglib/cglib
chardet,https://github.com/erikrose/chardet
charset_normalizer,https://github.com/Ousret/charset_normalizer
checker-framework,git@github.com:typetools/checker-framework.git
checkstyle,https://github.com/checkstyle/checkstyle
cifuzz-example,https://github.com/jonathanmetzman/cifuzz-example.git
cilium,https://github.com/cilium/cilium.git
circl,https://github.com/cloudflare/circl.git
civetweb,https://github.com/civetweb/civetweb
cjson,https://github.com/DaveGamble/cJSON.git
clamav,https://github.com/Cisco-Talos/clamav-devel.git
clib,https://github.com/clibs/clib
click,https://github.com/pallets/click
clickhouse,https://github.com/ClickHouse/ClickHouse.git
clock,https://github.com/benbjohnson/clock
closure-compiler,https://github.com/google/closure-compiler/
closure-library,https://github.com/google/closure-library
cloud-custodian,https://github.com/cloud-custodian/cloud-custodian
cloud-hypervisor,https://github.com/cloud-hypervisor/cloud-hypervisor
cmake,https://gitlab.kitware.com/cmake/cmake
cmark,https://github.com/commonmark/cmark.git
compress,https://github.com/klauspost/compress
config-validator,https://github.com/GoogleCloudPlatform/config-validator/
configparser,https://github.com/jaraco/configparser/
connectedhomeip,https://github.com/project-chip/connectedhomeip.git
connexion,https://github.com/spec-first/connexion
containerd,https://github.com/containerd/containerd
coreutils,https://github.com/coreutils/coreutils
cosmos-sdk,https://github.com/cosmos/cosmos-sdk
coturn,https://github.com/coturn/coturn
coveragepy,https://github.com/nedbat/coveragepy
cpp-httplib,https://github.com/yhirose/cpp-httplib.git
cppcheck,https://github.com/danmar/cppcheck.git
cppitertools,https://github.com/ryanhaining/cppitertools
cpuinfo,https://github.com/pytorch/cpuinfo
cpython3,https://github.com/python/cpython
cras,https://chromium.googlesource.com/chromiumos/third_party/adhd
cri-o,https://github.com/cri-o/cri-o
croaring,https://github.com/RoaringBitmap/CRoaring
cron-utils,https://github.com/jmrozanec/cron-utils.git
croniter,https://github.com/kiorky/croniter
crossplane,https://github.com/crossplane/crossplane
crosvm,https://chromium.googlesource.com/crosvm/crosvm
cryptofuzz,https://github.com/guidovranken/cryptofuzz
cryptography,https://github.com/pyca/cryptography
cryptsetup,https://gitlab.com/cryptsetup/cryptsetup.git
cssselect,https://github.com/scrapy/cssselect
cubefs,https://github.com/cubefs/cubefs
cups,https://github.com/OpenPrinting/cups
cura-engine,https://github.com/Ultimaker/CuraEngine.git
curl,https://github.com/curl/curl.git
curvesapi,https://github.com/virtuald/curvesapi
cxxopts,https://github.com/jarro2783/cxxopts
cyclonedds,https://github.com/eclipse-cyclonedds/cyclonedds.git
d3,https://github.com/d3/d3.git
dapr,https://github.com/dapr
dart,https://github.com/dart-lang/sdk.git
dask,https://github.com/dask/dask
dateparser,https://github.com/scrapinghub/dateparser.git
dav1d,https://code.videolan.org/videolan/dav1d.git
dbus-broker,https://github.com/bus1/dbus-broker
decorator,https://github.com/micheles/decorator
defusedxml,https://github.com/tiran/defusedxml
demangle,https://github.com/ianlancetaylor/demangle
dgraph,https://github.com/dgraph-io/dgraph
digest,https://github.com/bmc/digest
dill,https://github.com/uqfoundation/dill
distlib,https://github.com/pypa/distlib
distribution,https://github.com/distribution/distribution
django,https://github.com/django/django.git
dlplibs,https://github.com/django/django.git
dng_sdk,https://android.googlesource.com/platform/external/dng_sdk/
dnsmasq,git://thekelleys.org.uk/dnsmasq.git
dnspython,https://github.com/rthalley/dnspython
docker-client,https://github.com/spotify/docker-client
docutils,https://github.com/jwilk-mirrors/docutils
dom4j,https://github.com/dom4j/dom4j.git
double-conversion,https://github.com/google/double-conversion.git
dovecot,https://github.com/dovecot/core
dpp,https://github.com/brainboxdotcc/DPP.git
draco,https://github.com/google/draco
dragonfly,https://github.com/dragonflyoss/Dragonfly
dropbear,https://github.com/mkj/dropbear
dropwizard,https://github.com/dropwizard/dropwizard
duckdb,https://github.com/duckdb/duckdb/
e2fsprogs,https://github.com/tytso/e2fsprogs
easywsclient,https://github.com/dhbaird/easywsclient
ecc-diff-fuzzer,https://github.com/catenacyber/elliptic-curve-differential-fuzzer
ecdsa-python,https://github.com/starkbank/ecdsa-python/
eclipse-equinox,https://github.com/eclipse-equinox/equinox
eigen,https://gitlab.com/libeigen/eigen.git
elfutils,git://sourceware.org/git/elfutils.git
envoy,https://github.com/envoyproxy/envoy.git
esp-v2,https://github.com/GoogleCloudPlatform/esp-v2.git
espeak-ng,https://github.com/espeak-ng/espeak-ng
et-xmlfile,https://github.com/biydnd/et_xmlfile
etcd,https://github.com/etcd-io/etcd
evo-inflector,https://github.com/atteo/evo-inflector
example,https://github.com/example/my-api
exiv2,https://github.com/Exiv2/exiv2
exp4j,https://github.com/fasseg/exp4j
expat,https://github.com/libexpat/libexpat
expr,https://github.com/antonmedv/expr.git
exprtk,https://github.com/ArashPartow/exprtk.git
faad2,https://github.com/knik0/faad2
fabric,https://github.com/hyperledger/fabric
face,https://github.com/mahmoud/face
fast-dds,https://github.com/eProsima/Fast-DDS.git
fast-xml-parser,https://github.com/NaturalIntelligence/fast-xml-parser
fast_float,https://github.com/fastfloat/fast_float.git
fasthttp,https://github.com/valyala/fasthttp
fastify,https://github.com/fastify/fastify
fastjson,https://github.com/valyala/fastjson
fastjson2,https://github.com/alibaba/fastjson2
feign,https://github.com/openfeign/feign
ffmpeg,https://git.ffmpeg.org/ffmpeg.git
ffms2,https://github.com/FFMS/ffms2
fftw3,https://github.com/fftw/fftw3.git
file,https://github.com/file/file.git
filelock,https://github.com/tox-dev/py-filelock
filesystem_spec,https://github.com/fsspec/filesystem_spec
fio,https://github.com/axboe/fio.git
firefox,https://hg.mozilla.org/mozilla-central/
firestore,https://github.com/firebase/firebase-ios-sdk.git
flac,https://github.com/xiph/flac.git
flask-jwt-extended,https://github.com/vimalloc/flask-jwt-extended
flask-restx,https://github.com/python-restx/flask-restx
flask-wtf,https://github.com/wtforms/flask-wtf/
flask,https://github.com/pallets/flask
flatbuffers,https://github.com/google/flatbuffers
flate2-rs,https://github.com/rust-lang/flate2-rs
flex,https://github.com/westes/flex
fluent-bit,https://github.com/fluent/fluent-bit/
fluxcd,https://github.com/fluxcd/flux2
flyway,https://github.com/flyway/flyway
fmt,https://github.com/fmtlib/fmt.git
fonttools,https://github.com/behdad/fonttools
freeimage,https://svn.code.sf.net/p/freeimage/svn/
freeradius,https://github.com/FreeRADIUS/freeradius-server.git
freerdp,https://github.com/FreeRDP/FreeRDP
freetype2,https://github.com/freetype/freetype2-testing.git
fribidi,https://github.com/fribidi/fribidi.git
frr,https://github.com/FRRouting/frr
fsnotify,https://github.com/fsnotify/fsnotify
ftfy,https://github.com/rspeer/python-ftfy
fuzzing-puzzles,https://github.com/google/fuzzer-test-suite
fuzztest-example,https://github.com/google/fuzztest
fuzztest-raksha,https://github.com/google/fuzztest
fuzzywuzzy,https://github.com/xdrop/fuzzywuzzy
fwupd,https://github.com/fwupd/fwupd
g-api-auth-httplib2,https://github.com/googleapis/google-auth-library-python-httplib2/
g-api-auth-library-python,https://github.com/googleapis/google-auth-library-python
g-api-pubsub,https://github.com/googleapis/python-pubsub
g-api-py-api-common-protos,https://github.com/googleapis/python-api-common-protos
g-api-py-oauthlib,https://github.com/googleapis/google-auth-library-python-oauthlib
g-api-python-bigquery-storage,https://github.com/googleapis/python-bigquery-storage
g-api-python-client,https://github.com/googleapis/google-api-python-client
g-api-python-cloud-core,https://github.com/googleapis/python-cloud-core
g-api-python-firestore,https://github.com/googleapis/python-firestore
g-api-python-tasks,https://github.com/googleapis/python-tasks
g-api-resource-manager,https://github.com/googleapis/python-resource-manager
g-api-resumable-media-python,https://github.com/googleapis/google-resumable-media-python
g-api-secret-manager,https://github.com/googleapis/python-secret-manager
g-apis-py-api-core,https://github.com/googleapis/python-api-core
g-auth-library-java,https://github.com/googleapis/google-auth-library-java/
g-cloud-logging-py,https://github.com/googleapis/python-logging
g-http-java-client,https://github.com/googleapis/google-http-java-client/
g-oauth-java-client,https://github.com/googleapis/google-oauth-java-client
g-py-bigquery,https://github.com/googleapis/python-bigquery
g-py-crc32c,https://github.com/googleapis/python-crc32c
gast,https://github.com/serge-sans-paille/gast
gc-iam,https://github.com/googleapis/python-iam
gcloud-error-py,https://github.com/googleapis/python-error-reporting
gcloud-go,https://github.com/googleapis/google-cloud-go
gcp-python-cloud-storage,https://github.com/googleapis/python-storage
gdal,https://github.com/OSGeo/gdal
gdbm,https://git.gnu.org.ua/gdbm.git
gdk-pixbuf,https://gitlab.gnome.org/GNOME/gdk-pixbuf.git
genshi,https://github.com/edgewall/genshi
geos,https://git.osgeo.org/gitea/geos/geos.git
gfwx,https://github.com/kalcutter/gfwx
ghostscript,git://git.ghostscript.com/ghostpdl.git
giflib,https://git.code.sf.net/p/giflib/code
gimli,https://github.com/gimli-rs/gimli
git,https://github.com/git/git
gitdb,https://github.com/gitpython-developers/gitdb
gitea,https://github.com/go-gitea/gitea
github_scarecrow,https://github.com/Alan32Liu/github-scarecrow
gitoxide,https://github.com/Byron/gitoxide
gitpython,https://github.com/gitpython-developers/gitpython
glib,https://gitlab.gnome.org/GNOME/glib
glog,https://github.com/google/glog
glom,https://github.com/mahmoud/glom
glslang,https://github.com/khronosgroup/glslang
gluon,https://github.com/ProtonMail/gluon
gnupg,git://git.gnupg.org/gnupg.git
gnutls,https://gitlab.com/gnutls/gnutls.git
go-attestation,https://github.com/google/go-attestation
go-cmp,https://github.com/google/go-cmp/cmp
go-coap,https://github.com/plgd-dev/go-coap
go-containerregistry,https://github.com/google/go-containerregistry
go-coredns,https://github.com/coredns/coredns.git
go-dhcp,https://github.com/insomniacslk/dhcp.git
go-dns,https://github.com/miekg/dns
go-ethereum,https://github.com/ethereum/go-ethereum
go-git,https://github.com/go-git/go-git
go-humanize,https://github.com/dustin/go-humanize
go-json-iterator,https://github.com/json-iterator/go
go-ldap,https://github.com/go-ldap/ldap
go-ole,https://github.com/go-ole/go-ole
go-pprof,https://github.com/google/pprof
go-readline,https://github.com/chzyer/readline
go-redis,https://github.com/go-redis/redis
go-sftp,https://github.com/pkg/sftp
go-shlex,https://github.com/google/shlex
go-snappy,https://github.com/golang/snappy
go-sqlite3,https://github.com/mattn/go-sqlite3/
go-toml,https://github.com/pelletier/go-toml
go-yaml,https://github.com/go-yaml/yaml
gobgp,https://github.com/osrg/gobgp
gogo-protobuf,https://github.com/gogo/protobuf
golang-appengine,https://github.com/golang/appengine
golang-protobuf,https://github.com/protocolbuffers/protobuf-go
golang,https://github.com/golang/go
gonids,https://github.com/google/gonids
gopacket,https://github.com/google/gopacket
gopsutil,https://github.com/shirou/gopsutil
gosnmp,https://github.com/gosnmp/gosnmp
gpac,https://github.com/gpac/gpac
gprof2dot,https://github.com/jrfonseca/gprof2dot
gpsd,https://gitlab.com/gpsd/gpsd
graphicsfuzz-spirv,https://github.com/google/graphicsfuzz
graphicsmagick,https://github.com/kstep/graphicsmagick
graphql-java,https://github.com/graphql-java/graphql-java
greenmail,https://github.com/greenmail-mail-test/greenmail.git
grok,https://github.com/GrokImageCompression/grok.git
groovy,https://github.com/apache/groovy.git
grpc-gateway,https://github.com/grpc-ecosystem/grpc-gateway
grpc-go,https://github.com/grpc/grpc-go
grpc-httpjson-transcoding,https://github.com/grpc-ecosystem/grpc-httpjson-transcoding.git
grpc-py,https://github.com/grpc/grpc
grpc-swift,https://github.com/grpc/grpc-swift
grpc,https://github.com/grpc/grpc
gson,https://github.com/google/gson
gss-ntlmssp,https://github.com/gssapi/gss-ntlmssp
gstreamer,https://gitlab.freedesktop.org/gstreamer/gstreamer.git
guava,https://github.com/google/guava.git
guetzli,https://github.com/google/guetzli
guice,https://github.com/google/guice.git
gunicorn,https://github.com/benoitc/gunicorn
gvisor,https://github.com/google/gvisor
gwt,https://github.com/gwtproject/gwt/
h11,https://github.com/python-hyper/h11
h2database,https://github.com/h2database/h2database.git
h2o,https://github.com/h2o/h2o
h3,https://github.com/uber/h3
h5py,https://github.com/h5py/h5py
hadoop,https://github.com/apache/hadoop/
hamcrest,https://github.com/hamcrest/JavaHamcrest.git
haproxy,https://github.com/haproxy/haproxy
harfbuzz,https://github.com/harfbuzz/harfbuzz.git
hcl,https://github.com/hashicorp/hcl
hdf5,https://github.com/HDFGroup/hdf5
hdrhistogram,https://github.com/HdrHistogram/HdrHistogram.git
helm,https://github.com/helm/helm
hermes,https://github.com/facebook/hermes.git
hibernate-orm,https://github.com/hibernate/hibernate-orm
highwayhash,https://github.com/google/highwayhash
hiredis-py,https://github.com/redis/hiredis-py
hiredis,https://github.com/redis/hiredis
hive,https://github.com/apache/hive/tree/master/
hoextdown,https://github.com/kjdev/hoextdown.git
hostap,git://w1.fi/srv/git/hostap.git
hsqldb,https://svn.code.sf.net/p/hsqldb/svn/
html2text,https://github.com/Alir3z4/html2text
html5lib-python,https://github.com/html5lib/html5lib-python
htmlunit,https://github.com/HtmlUnit/htmlunit.git
htslib,https://github.com/samtools/htslib.git
http-parser,https://github.com/nodejs/http-parser
http-pattern-matcher,https://github.com/google/http_pattern_matcher.git
httparse,https://github.com/seanmonstar/httparse
httpcomponents-client,https://github.com/apache/httpcomponents-client.git
httpcomponents-core,https://github.com/apache/httpcomponents-core.git
httpcore,https://github.com/encode/httpcore
httplib2,https://github.com/httplib2/httplib2
httpretty,https://github.com/gabrielfalcao/httpretty
httpx,https://github.com/encode/httpx
hugo,https://github.com/gohugoio/hugo
hunspell,https://github.com/hunspell/hunspell.git
hwloc,https://github.com/open-mpi/hwloc
hyperium,https://github.com/hyperium/
ibmswtpm2,https://git.code.sf.net/p/ibmswtpm2/tpm2
ical4j,https://github.com/ical4j/ical4j.git
icalendar,https://github.com/collective/icalendar.git
icu,https://github.com/unicode-org/icu.git
idna,https://github.com/kjd/idna
igraph,https://github.com/igraph/igraph
ijson,https://github.com/ICRAR/ijson
image-png,https://github.com/image-rs/image-png
image-rs,https://github.com/image-rs/image
imageio,https://github.com/imageio/imageio
imagemagick,https://github.com/imagemagick/imagemagick
immer,https://github.com/arximboldi/immer.git
importlib_metadata,https://github.com/python/importlib_metadata
inchi,https://github.com/metamolecular/inchi
influxdb,https://github.com/influxdata/influxdb
iniconfig,https://github.com/pytest-dev/iniconfig
inih,https://github.com/benhoyt/inih
ion-java,https://github.com/amazon-ion/ion-java/
ipaddress,https://github.com/phihag/ipaddress
ipfs,https://github.com/ipfs/go-datastore
ipykernel,https://github.com/ipython/ipykernel
ipython,https://github.com/ipython/ipython
iroha,https://github.com/hyperledger/iroha.git
irssi,https://github.com/irssi/irssi
isodate,https://github.com/gweis/isodate
istio-ztunnel,https://github.com/istio/ztunnel
istio,https://github.com/istio/istio
itext7,https://github.com/itext/itext7
itoa,https://github.com/dtolnay/itoa
itsdangerous,https://github.com/pallets/itsdangerous
ja3,https://github.com/salesforce/ja3.git
jackson-core,https://github.com/FasterXML/jackson-core
jackson-databind,https://github.com/FasterXML/jackson-databind.git
jackson-dataformat-xml,https://github.com/FasterXML/jackson-dataformat-xml
jackson-dataformats-binary,https://github.com/FasterXML/jackson-dataformats-binary
jackson-dataformats-text,https://github.com/FasterXML/jackson-dataformats-text
jackson-datatype-joda,https://github.com/FasterXML/jackson-datatype-joda
jackson-modules-java8,https://github.com/FasterXML/jackson-modules-java8.git
jakarta-mail-api,https://github.com/eclipse-ee4j/mail.git
janet,https://github.com/janet-lang/janet
janino,https://github.com/janino-compiler/janino.git
jansi,https://github.com/fusesource/jansi
jansson,https://github.com/akheron/jansson.git
janus-gateway,https://github.com/meetecho/janus-gateway.git
java-diff-utils,https://github.com/java-diff-utils/java-diff-utils.git
java-example,https://github.com/CodeIntelligenceTesting/jazzer
java-jwt,https://github.com/auth0/java-jwt/
java-uuid-generator,https://github.com/cowtowncoder/java-uuid-generator
java-xmlbuilder,https://github.com/jmurty/java-xmlbuilder
javacpp,https://github.com/bytedeco/javacpp
javaparser,https://github.com/javaparser/javaparser
javascript-example,https://github.com/CodeIntelligenceTesting/jazzer.js
javassist,https://github.com/jboss-javassist/javassist
jaxb,https://github.com/eclipse-ee4j/jaxb-ri.git
jbig2dec,git://git.ghostscript.com/jbig2dec.git
jboss-logging,https://github.com/jboss-logging/jboss-logging
jdom,https://github.com/hunterhacker/jdom.git
jedi,https://github.com/davidhalter/jedi
jersey,https://github.com/eclipse-ee4j/jersey.git
jettison,https://github.com/jettison-json/jettison.git
jetty,https://github.com/eclipse/jetty.project
jflex,https://github.com/jflex-de/jflex
jfreechart,https://github.com/jfree/jfreechart.git
jimfs,git@github.com:google/jimfs.git
jimp,https://github.com/jimp-dev/jimp
jinja2,https://github.com/pallets/jinja
jline3,https://github.com/jline/jline3
jmespathpy,https://github.com/jmespath/jmespath.py
jmh,https://github.com/openjdk/jmh
joblib,https://github.com/joblib/joblib
joda-time,https://github.com/JodaOrg/joda-time.git
jolt,https://github.com/bazaarvoice/jolt
joni,https://github.com/jruby/joni
jooq,https://github.com/jOOQ/jOOQ.git
jopt-simple,https://github.com/jopt-simple/jopt-simple.git
jose4j,https://bitbucket.org/b_c/jose4j/src/master/
jpeg-js,https://github.com/jpeg-js/jpeg-js
jq,https://github.com/jqlang/jq
js-yaml,https://github.com/nodeca/js-yaml
jsc,https://github.com/WebKit/WebKit.git
jsch,https://github.com/mwiede/jsch
jsemver,https://github.com/zafarkhaja/jsemver
jsign,https://github.com/ebourg/jsign.git
jsmin,https://github.com/tikitu/jsmin
json-c,https://github.com/json-c/json-c.git
json-flattener,https://github.com/wnameless/json-flattener/
json-java,https://github.com/stleary/JSON-java
json-patch,https://github.com/evanphx/json-patch
json-sanitizer,https://github.com/OWASP/json-sanitizer
json-simple,https://github.com/fangyidong/json-simple
json-smart-v2,https://github.com/netplex/json-smart-v2.git
json,https://github.com/nlohmann/json.git
json2avro,https://github.com/allegro/json-avro-converter
json5format,https://github.com/google/json5format
jsoncons,https://github.com/danielaparker/jsoncons
jsoncpp,https://github.com/open-source-parsers/jsoncpp
jsonnet,https://github.com/google/jsonnet.git
jsonp-api,https://github.com/jakartaee/jsonp-api
jsonparser,https://github.com/buger/jsonparser
jsonpath,https://github.com/json-path/JsonPath.git
jsonpickle,https://github.com/jsonpickle/jsonpickle
jsonschema,https://github.com/Julian/jsonschema
jsoup,https://github.com/jhy/jsoup/
jsqlparser,https://github.com/JSQLParser/JSqlParser/
jstl-api,https://github.com/eclipse-ee4j/jstl-api.git
jts,https://github.com/locationtech/jts
juju,https://github.com/juju/juju
jul-to-slf4j,https://github.com/qos-ch/slf4j.git
junrar,https://github.com/junrar/junrar.git
jupyter-nbconvert,https://github.com/jupyter/nbconvert
jupyter_server,https://github.com/jupyter-server/jupyter_server
jwt-verify-lib,https://github.com/google/jwt_verify_lib.git
jxls,https://github.com/jxlsteam/jxls
kafka,https://github.com/confluentinc/confluent-kafka-python
kamailio,https://github.com/kamailio/kamailio
karchive,https://invent.kde.org/frameworks/karchive.git
kcodecs,https://invent.kde.org/frameworks/kcodecs.git
keras,https://github.com/keras-team/keras
keycloak,https://github.com/keycloak/keycloak
keystone,https://github.com/keystone-engine/keystone.git
kie-soup,https://github.com/kiegroup/kie-soup
kimageformats,https://invent.kde.org/frameworks/kimageformats.git
kiwisolver,https://github.com/nucleic/kiwi
knative,https://github.com/knative
knot-dns,https://gitlab.nic.cz/knot/knot-dns.git
krb5,https://github.com/krb5/krb5
kryo,https://github.com/EsotericSoftware/kryo
kubeedge,https://github.com/kubeedge/kubeedge
kubernetes-cluster-api,https://github.com/kubernetes-sigs/cluster-api
kubernetes,https://github.com/kubernetes/kubernetes.git
kyverno,https://github.com/kyverno/kyverno
lame,https://svn.code.sf.net/p/lame/svn/trunk/lame
lark-parser,https://github.com/lark-parser/lark
lcms,https://github.com/mm2/Little-CMS
leptonica,https://github.com/DanBloomberg/leptonica.git
leveldb,https://github.com/google/leveldb.git
libaom,https://aomedia.googlesource.com/aom
libarchive,https://github.com/libarchive/libarchive.git
libass,https://github.com/libass/libass.git
libavc,https://github.com/ittiam-systems/libavc.git
libavif,https://github.com/AOMediaCodec/libavif.git
libbpf,https://github.com/libbpf/libbpf
libcacard,https://gitlab.freedesktop.org/spice/libcacard.git
libcbor,https://github.com/PJK/libcbor
libcoap,https://github.com/obgm/libcoap.git
libcst,https://github.com/instagram/libcst
libcue,https://github.com/lipnitsk/libcue.git
libdwarf,https://github.com/davea42/libdwarf-code
libecc,https://github.com/ANSSI-FR/libecc.git
libevent,https://github.com/libevent/libevent.git
libexif,https://github.com/libexif/libexif
libfdk-aac,https://android.googlesource.com/platform/external/aac/
libfido2,https://github.com/Yubico/libfido2
libfuse,https://github.com/libfuse/libfuse
libgd,https://github.com/libgd/libgd
libgit2,https://github.com/libgit2/libgit2
libheif,https://github.com/strukturag/libheif.git
libhevc,https://github.com/ittiam-systems/libhevc.git
libhtp,https://github.com/OISF/libhtp.git
libical,https://github.com/libical/libical.git
libidn,https://git.savannah.gnu.org/git/libidn.git
libidn2,https://gitlab.com/libidn/libidn2.git
libiec61850,https://github.com/mz-automation/libiec61850
libigl,https://github.com/libigl/libigl
libjpeg-turbo,https://github.com/libjpeg-turbo/libjpeg-turbo
libjxl,https://github.com/libjxl/libjxl.git
libldac,https://android.googlesource.com/platform/external/libldac
liblouis,https://github.com/liblouis/liblouis
libmicrohttpd,https://git.gnunet.org/libmicrohttpd.git
libmodbus,https://github.com/stephane/libmodbus
libmpeg2,https://github.com/ittiam-systems/libmpeg2.git
libpcap,https://github.com/the-tcpdump-group/libpcap.git
libpg_query,https://github.com/pganalyze/pg_query
libphonenumber,https://github.com/google/libphonenumber
libplist,https://github.com/libimobiledevice/libplist
libpng-proto,https://git.code.sf.net/p/libpng/code libpng-code
libpng,https://github.com/pnggroup/libpng.git
libprotobuf-mutator,https://github.com/google/libprotobuf-mutator.git
libpsl,https://github.com/rockdaboot/libpsl.git
libra,https://github.com/libra/libra
libraw,https://github.com/libraw/libraw
librawspeed,https://github.com/darktable-org/rawspeed.git
librdkafka,https://github.com/edenhill/librdkafka
libredwg,https://github.com/LibreDWG/libredwg
libreoffice,https://git.libreoffice.org/core
libressl,https://github.com/libressl-portable/portable.git
libsass,https://github.com/sass/libsass.git
libsndfile,https://github.com/libsndfile/libsndfile.git
libsodium,https://github.com/jedisct1/libsodium.git
libspectre,https://gitlab.freedesktop.org/libspectre/libspectre.git
libspng,https://github.com/randy408/libspng.git
libsrtp,https://github.com/cisco/libsrtp
libssh,https://git.libssh.org/projects/libssh.git
libssh2,https://github.com/libssh2/libssh2.git
libstdcpp,git://gcc.gnu.org/git/gcc.git
libtasn1,https://gitlab.com/gnutls/libtasn1.git
libteken,http://svn.freebsd.org/base/head/sys/teken/
libtheora,https://git.xiph.org/theora.git
libtiff,https://gitlab.com/libtiff/libtiff
libtorrent,https://github.com/arvidn/libtorrent.git
libtpms,https://github.com/stefanberger/libtpms
libtsm,git://people.freedesktop.org/~dvdhrm/libtsm
libucl,https://github.com/vstakhov/libucl
libultrahdr,https://github.com/google/libultrahdr.git
libunwind,https://github.com/libunwind/libunwind
libusb,https://github.com/libusb/libusb
libvips,https://github.com/libvips/libvips
libvnc,https://github.com/LibVNC/libvncserver.git
libvpx,https://chromium.googlesource.com/webm/libvpx
libwebp,https://chromium.googlesource.com/webm/libwebp
libwebsockets,https://libwebsockets.org/repo/libwebsockets
libxaac,https://github.com/ittiam-systems/libxaac.git
libxls,https://github.com/libxls/libxls
libxlsxwriter,https://github.com/jmcnamara/libxlsxwriter.git
libxml2,https://gitlab.gnome.org/GNOME/libxml2.git
libxslt,https://gitlab.gnome.org/GNOME/libxslt.git
libyal,https://github.com/libyal/libfplist.git
libyaml,https://github.com/yaml/libyaml
libyang,https://github.com/CESNET/libyang
libyuv,https://chromium.googlesource.com/libyuv/libyuv
libzip,https://github.com/nih-at/libzip.git
libzmq,https://github.com/zeromq/libzmq.git
lighttpd,https://github.com/lighttpd/lighttpd1.4
linkerd2-proxy,https://github.com/linkerd/linkerd2-proxy
linkerd2,https://github.com/linkerd/linkerd2
lit,https://github.com/lit/lit
lldb-eval,https://github.com/google/lldb-eval
lldpd,https://github.com/lldpd/lldpd
llhttp,https://github.com/nodejs/llhttp
llvm,https://github.com/llvm/llvm-project.git
llvm_libcxx,https://github.com/llvm/llvm-project.git
llvm_libcxxabi,https://github.com/llvm/llvm-project
lodash,https://github.com/lodash/lodash
lodepng,https://github.com/lvandeve/lodepng.git
log4j2,https://github.com/apache/logging-log4j2
logback,https://github.com/qos-ch/logback.git
loki,https://github.com/grafana/loki
looker-sdk,https://github.com/looker-open-source/sdk-codegen
lotus,https://github.com/filecoin-project/lotus
lua,https://github.com/lua/lua
lucene,https://github.com/apache/lucene
lwan,https://github.com/lpereira/lwan.git
lxc,https://github.com/lxc/lxc
lxml,https://github.com/lxml/lxml/
lz4,https://github.com/lz4/lz4.git
lzma,https://github.com/fancycode/lzma-fuzz.git
lzo,https://github.com/fancycode/lzma-fuzz.git
magic-enum,https://github.com/Neargye/magic_enum.git
mako,https://github.com/sqlalchemy/mako
mandelbulber,https://github.com/buddhi1980/mandelbulber2/
mapserver,https://github.com/MapServer/MapServer
mariadb-connector-j,https://github.com/mariadb-corporation/mariadb-connector-j
mariadb,https://github.com/MariaDB/server
markdown-it-js,https://github.com/markdown-it/markdown-it.git
markdown-it-py,https://github.com/executablebooks/markdown-it-py
markupsafe,https://github.com/pallets/markupsafe
matio,https://github.com/tbeu/matio
matplotlib,https://github.com/matplotlib/matplotlib
maven,https://github.com/apache/maven.git
mbedtls,https://github.com/Mbed-TLS/mbedtls.git
mccabe,https://github.com/pycqa/mccabe
md4c,https://github.com/mity/md4c
mdbtools,https://github.com/mdbtools/mdbtools
mdit-py-plugins,https://github.com/executablebooks/mdit-py-plugins
mdurl,https://github.com/executablebooks/mdurl
memcached,https://github.com/memcached/memcached
mercurial,https://www.mercurial-scm.org/repo/hg
meshoptimizer,https://github.com/zeux/meshoptimizer
metadata-extractor,https://github.com/drewnoakes/metadata-extractor.git
metallb,https://github.com/metallb/metallb.git
minify,https://github.com/tdewolff/minify
miniz,https://github.com/richgel999/miniz.git
miniz_oxide,https://github.com/Frommi/miniz_oxide
minizip,https://github.com/zlib-ng/minizip-ng
moby,https://github.com/moby/moby
monero,https://github.com/monero-project/monero.git
mongo-go-driver,https://github.com/mongodb/mongo-go-driver
mongoose,https://github.com/cesanta/mongoose
more-itertools,https://github.com/more-itertools/more-itertools
mosh,https://github.com/mobile-shell/mosh.git
mosquitto,https://github.com/eclipse/mosquitto
mp4parse-rust,https://github.com/mozilla/mp4parse-rust
mp4san,https://github.com/privacyresearchgroup/mp4san
mpg123,https://github.com/dreamerc/mpg123
mrab-regex,https://github.com/mrabarnett/mrab-regex
mruby,https://github.com/mruby/mruby
msal,https://github.com/AzureAD/microsoft-authentication-library-for-python
msgpack-c,https://github.com/msgpack/msgpack-c.git
msgpack-python,https://github.com/msgpack/msgpack-python
msquic,https://github.com/microsoft/msquic.git
mtail,https://github.com/google/mtail
muduo,https://github.com/chenshuo/muduo
multidict,https://github.com/aio-libs/multidict
multierr,https://github.com/uber-go/multierr
muparser,https://github.com/beltoforion/muparser.git
mupdf,git://git.ghostscript.com/mupdf.git
mutagen,https://github.com/quodlibet/mutagen
mvel,https://github.com/mvel/mvel/
mxj,https://github.com/clbanning/mxj
myanmar-tools,https://github.com/google/myanmar-tools.git
mybatis-3,https://github.com/mybatis/mybatis-3
mysql-connector-j,https://github.com/mysql/mysql-connector-j
mysql-server,https://github.com/mysql/mysql-server
naga,https://github.com/gfx-rs/naga
nanopb,https://github.com/nanopb/nanopb
nats,https://github.com/nats-io/nats-server
nbclassic,https://github.com/jupyter/nbclassic
nbformat,https://github.com/jupyter/nbformat
nccl,https://github.com/NVIDIA/nccl
ndpi,https://github.com/ntop/nDPI.git
neomutt,https://github.com/neomutt/neomutt
nestegg,https://github.com/kinetiknz/nestegg.git
net-snmp,git://git.code.sf.net/p/net-snmp/code
netaddr-py,https://github.com/netaddr/netaddr
netcdf,https://github.com/Unidata/netcdf-c
netdata,https://github.com/netdata/netdata
nettle,https://git.lysator.liu.se/nettle/nettle
netty-tcnative,https://github.com/netty/netty-tcnative.git
netty,https://github.com/netty/netty.git
networkx,https://github.com/networkx/networkx
nfstream,https://github.com/nfstream/nfstream
nghttp2,https://github.com/nghttp2/nghttp2.git
nginx,https://github.com/nginx/nginx
ngolo-fuzzing-x,https://github.com/catenacyber/ngolo-fuzzing
ngolo-fuzzing,https://github.com/catenacyber/ngolo-fuzzing
nimbus-jwt,https://bitbucket.org/connect2id/nimbus-jose-jwt.git
ninja,https://github.com/ninja-build/ninja
njs,https://github.com/nginx/njs.git
node-xml2js,https://github.com/Leonidas-from-XIV/node-xml2js
nodejs,https://github.com/nodejs/node
nokogiri,https://github.com/sparklemotion/nokogiri.git
nom,https://github.com/Geal/nom
notary,https://github.com/notaryproject
nss,https://hg.mozilla.org/projects/nss
ntlm-auth,https://github.com/jborean93/ntlm-auth
ntlm2,https://github.com/dopstar/requests-ntlm2
ntopng,https://github.com/ntop/ntopng.git
ntp,https://bitbucket.nwtime.org/scm/websites/ntpwww.git
ntpsec,https://gitlab.com/NTPsec/ntpsec
num-bigint,https://github.com/rust-num/num-bigint.git
numactl,https://github.com/numactl/numactl
numexpr,https://github.com/pydata/numexpr
numpy,https://github.com/numpy/numpy
oak,https://github.com/project-oak/oak
oatpp,https://github.com/oatpp/oatpp
oauth2,https://github.com/googleapis/oauth2client
oauthlib,https://github.com/oauthlib/oauthlib
ogre,https://github.com/OGRECave/ogre
ohc,https://github.com/snazy/ohc
okhttp,https://github.com/square/okhttp.git
olefile,https://github.com/decalage2/olefile
onednn,https://github.com/oneapi-src/oneDNN
oniguruma,https://github.com/kkos/oniguruma.git
open-json,https://github.com/tdunning/open-json
open5gs,https://github.com/open5gs/open5gs
open62541,https://github.com/open62541/open62541.git
openapi-schema-validator,https://github.com/p1c2u/openapi-schema-validator
openbabel,https://github.com/openbabel/openbabel.git
opencensus-cpp,https://github.com/census-instrumentation/opencensus-cpp
opencensus-go,https://github.com/census-instrumentation/opencensus-go
opencensus-java,https://github.com/census-instrumentation/opencensus-java/
opencensus-python,https://github.com/census-instrumentation/opencensus-python.git
opencsv,https://git.code.sf.net/p/opencsv/source/
opencv,https://github.com/opencv/opencv.git
opendal,https://github.com/apache/incubator-opendal.git
opendds,https://github.com/objectcomputing/OpenDDS.git
opendnp3,https://github.com/dnp3/opendnp3.git
openexr,https://github.com/AcademySoftwareFoundation/openexr
openh264,https://github.com/cisco/openh264.git
openjpeg,https://github.com/uclouvain/openjpeg
opennavsurf-bag,https://github.com/OpenNavigationSurface/BAG.git
openpyxl,https://foss.heptapod.net/openpyxl/openpyxl
opensc,https://github.com/OpenSC/OpenSC
opensips,https://github.com/OpenSIPS/opensips
opensk,https://github.com/google/OpenSK
openslide,https://github.com/openslide/openslide
openssh,https://github.com/openssh/openssh-portable
openssl,https://github.com/openssl/openssl.git
openthread,https://github.com/openthread/openthread
openvpn,https://github.com/OpenVPN/openvpn
openvswitch,https://github.com/openvswitch/ovs.git
openweave,https://github.com/openweave/openweave-core
openyurt,https://github.com/openyurtio/openyurt
opt_einsum,https://github.com/dgasmith/opt_einsum
opus,https://gitlab.xiph.org/xiph/opus.git
opusfile,https://gitlab.xiph.org/xiph/opusfile.git
oracle-py-cx,https://github.com/oracle/python-cx_Oracle
orbit,https://github.com/google/orbit
orjson,https://github.com/ijl/orjson
oscrypto,https://github.com/wbond/oscrypto
osgi,https://github.com/osgi/osgi
osquery,https://github.com/osquery/osquery
oss-fuzz-example,https://github.com/AdaLogics/oss-fuzz-example
ossf-scorecard,https://github.com/ossf/scorecard
ostree,https://github.com/ostreedev/ostree
ots,https://github.com/khaledhosny/ots.git
p11-kit,https://github.com/p11-glue/p11-kit
p9,https://github.com/hugelgupf/p9
packaging,https://github.com/pypa/packaging
pako,https://github.com/nodeca/pako
pandas,https://github.com/pandas-dev/pandas
paramiko,https://github.com/paramiko/paramiko
parse,https://github.com/r1chardj0n3s/parse
parsimonious,https://github.com/erikrose/parsimonious
parso,https://github.com/davidhalter/parso
pasta,https://github.com/google/pasta
pathlib2,https://github.com/jazzband/pathlib2
pborman-uuid,https://github.com/pborman/uuid
pcapplusplus,https://github.com/seladb/PcapPlusPlus
pcl,https://github.com/pointcloudlibrary/pcl
pcre2,https://github.com/PCRE2Project/pcre2
pdfbox,https://github.com/apache/pdfbox/
pdoc,https://github.com/pdoc3/pdoc
pem,https://github.com/hynek/pem
pendulum,https://github.com/sdispater/pendulum
perfetto,https://android.googlesource.com/platform/external/perfetto/
pest,https://github.com/pest-parser/pest
pffft,https://bitbucket.org/jpommier/pffft.git
phmap,https://github.com/greg7mdp/parallel-hashmap
php,https://github.com/php/php-src.git
picotls,https://github.com/h2o/picotls
pidgin,https://sourceforge.net/projects/pidgin/files/Pidgin/2.14.4/pidgin-2.14.4.tar.bz2
piex,https://github.com/guidovranken/piex.git
pigweed,https://pigweed.googlesource.com/pigweed/pigweed
pillow,https://github.com/python-pillow/Pillow
pip,https://github.com/pypa/pip
pistache,https://github.com/pistacheio/pistache
pjsip,https://github.com/pjsip/pjproject
plan9port,https://github.com/9fans/plan9port
plexus-utils,https://github.com/codehaus-plexus/plexus-utils.git
ply,https://github.com/dabeaz/ply
pngquant,https://github.com/kornelski/pngquant
poco,https://github.com/pocoproject/poco
poppler,https://anongit.freedesktop.org/git/poppler/poppler.git
postfix,https://github.com/vdukhovni/postfix
postgis,https://git.osgeo.org/gitea/postgis/postgis.git
postgresql,https://git.postgresql.org/git/postgresql
powerdns,https://github.com/PowerDNS/pdns.git
presidio,https://github.com/microsoft/presidio
presto,https://github.com/prestodb/presto/
proftpd,https://github.com/proftpd/proftpd
proj4,https://github.com/OSGeo/PROJ
prometheus,https://github.com/prometheus/prometheus
promise-polyfill,https://github.com/taylorhakes/promise-polyfill
prost,https://github.com/danburkert/prost
proto-plus-python,https://github.com/googleapis/proto-plus-python
protobuf-c,https://github.com/protobuf-c/protobuf-c.git
protobuf-java,https://github.com/protocolbuffers/protobuf
protobuf-js,https://github.com/protobufjs/protobuf.js
protobuf-python,https://github.com/protocolbuffers/protobuf
protoc-gen-validate,https://github.com/bufbuild/protoc-gen-validate
proton-bridge,https://github.com/ProtonMail/proton-bridge
protoreflect,https://github.com/jhump/protoreflect
proxygen,https://github.com/facebook/proxygen.git
psqlparse,https://github.com/alculquicondor/psqlparse
psutil,https://github.com/giampaolo/psutil
psycopg2,https://github.com/psycopg/psycopg2
publicsuffix-list,https://github.com/publicsuffix/list
pugixml,https://github.com/zeux/pugixml
pulumi,https://github.com/pulumi/pulumi
pupnp,https://github.com/pupnp/pupnp
py-serde,https://github.com/rossmacarthur/serde
pyasn1-modules,https://github.com/pyasn1/pyasn1-modules
pyasn1,https://github.com/etingof/pyasn1
pybind11,https://github.com/pybind/pybind11.git
pycparser,https://github.com/eliben/pycparser
pycrypto,https://github.com/pycrypto/pycrypto
pycryptodome,https://github.com/Legrandin/pycryptodome.git
pydantic,https://github.com/pydantic/pydantic
pydateutil,https://github.com/dateutil/dateutil
pygments,https://github.com/pygments/pygments
pyjson5,https://github.com/dpranke/pyjson5
pyjwt,https://github.com/jpadilla/pyjwt
pymysql,https://github.com/PyMySQL/PyMySQL
pynacl,https://github.com/pyca/pynacl
pyodbc,https://github.com/mkleehammer/pyodbc
pyparsing,https://github.com/pyparsing/pyparsing
pyrsistent,https://github.com/tobgu/pyrsistent
pytables,https://github.com/pytables/pytables
pytest-py,https://github.com/pytest-dev/py
python-ecdsa,https://github.com/tlsfuzzer/python-ecdsa
python-email-validator,https://github.com/JoshData/python-email-validator
python-fastjsonschema,https://github.com/horejsek/python-fastjsonschema
python-future,https://github.com/PythonCharmers/python-future
python-graphviz,https://github.com/xflr6/graphviz
python-hyperlink,https://github.com/python-hyper/hyperlink
python-jose,https://github.com/mpdavis/python-jose
python-lz4,https://github.com/lz4/lz4
python-markdown,https://github.com/python-markdown/markdown
python-markdownify,https://github.com/matthewwithanm/python-markdownify
python-nameparser,https://github.com/derek73/python-nameparser
python-nvd3,https://github.com/areski/python-nvd3
python-pathspec,https://github.com/cpburnz/python-pathspec
python-phonenumbers,https://github.com/daviddrysdale/python-phonenumbers.git
python-prompt-toolkit,https://github.com/prompt-toolkit/python-prompt-toolkit
python-pypdf,https://github.com/py-pdf/pypdf.git
python-rison,https://github.com/betodealmeida/python-rison
python-rsa,https://github.com/sybrenstuvel/python-rsa
python-tabulate,https://github.com/astanin/python-tabulate
python3-libraries,https://github.com/python/cpython
python3-openid,https://github.com/necaris/python3-openid
pytz,https://github.com/stub42/pytz
pyvex,https://github.com/angr/pyvex.git
pyxdg,https://github.com/takluyver/pyxdg
pyyaml,https://github.com/yaml/pyyaml
pyzmq,https://github.com/zeromq/pyzmq
qcms,https://github.com/zeromq/pyzmq
qdox,https://github.com/paul-hammant/qdox/
qemu,https://git.qemu.org/git/qemu.git
qpdf,https://github.com/qpdf/qpdf.git
qpid-proton,https://github.com/apache/qpid-proton.git
qt,git://code.qt.io/qt/qt5.git
quantlib,https://github.com/lballabio/QuantLib.git
quartz,https://github.com/quartz-scheduler/quartz
qubes-os,https://github.com/QubesOS
quic-go,https://github.com/quic-go/quic-go
quiche,https://github.com/google/quiche
quick-xml,https://github.com/tafia/quick-xml
quickjs,https://github.com/bellard/quickjs
rabbitmq-c,https://github.com/alanxz/rabbitmq-c
racket,https://github.com/racket/racket/
radare2,https://github.com/radareorg/radare2
radon,https://github.com/radondb/radon
rapidjson,https://github.com/Tencent/rapidjson.git
rauc,https://github.com/rauc/rauc.git
rdf4j,https://github.com/eclipse/rdf4j
rdkit,https://github.com/rdkit/rdkit.git
re2,https://github.com/google/re2
readstat,https://github.com/WizardMac/ReadStat
realm-core,https://github.com/realm/realm-core
redis-py,https://github.com/redis/redis-py
redis-rs,https://github.com/redis-rs/redis-rs
redux,https://github.com/reduxjs/redux
rekor,https://github.com/sigstore/rekor
relic,https://github.com/relic-toolkit/relic
reload4j,https://github.com/qos-ch/reload4j.git
requests,https://github.com/psf/requests.git
resiprocate,https://github.com/resiprocate/resiprocate.git
retrofit,https://github.com/square/retrofit
retry,https://github.com/invl/retry
rfc3967,https://github.com/python-hyper/rfc3986
rhino,https://github.com/mozilla/rhino.git
rich,https://github.com/Textualize/rich
ring,https://github.com/briansmith/ring
rnp,https://github.com/rnpgp/rnp.git
roaring-bitmap,https://github.com/RoaringBitmap/RoaringBitmap
rocksdb,https://github.com/facebook/rocksdb
rome,https://github.com/rometools/rome.git
ron,https://github.com/ron-rs/ron
rtpproxy,https://github.com/sippy/rtpproxy
ruby,https://github.com/ruby/ruby
runc,https://github.com/opencontainers/runc
rust-brotli,https://github.com/dropbox/rust-brotli
rust-coreutils,https://github.com/uutils/coreutils
rust-lexical,https://github.com/Alexhuszagh/rust-lexical
rust-regex,https://github.com/rust-lang/regex
rustcrypto,https://github.com/RustCrypto/hashes.git
rustls,https://github.com/ctz/rustls
rxjava,https://github.com/ReactiveX/RxJava.git
ryu,https://github.com/dtolnay/ryu
s2geometry,https://github.com/google/s2geometry
s2opc,https://gitlab.com/systerel/S2OPC
sacremoses,https://github.com/alvations/sacremoses
samba,https://git.samba.org/samba.git
scapy,https://github.com/secdev/scapy
scikit-learn,https://github.com/scikit-learn/scikit-learn
scipy,https://github.com/scipy/scipy
scorecard-web,https://github.com/ossf/scorecard-webapp
scrapy,https://github.com/scrapy/scrapy.git
selinux,https://github.com/SELinuxProject/selinux
sentencepiece,https://github.com/google/sentencepiece.git
serde-yaml,https://github.com/dtolnay/serde-yaml
serde_json,https://github.com/serde-rs/json
serde_urlencoded,https://github.com/nox/serde_urlencoded
serenity,https://github.com/SerenityOS/serenity
servo-core,https://github.com/Netflix/servo.git
servo,https://github.com/servo/servo
setuptools,https://github.com/pypa/setuptools
sharp,https://github.com/lovell/sharp
sigstore-java,https://github.com/sigstore/sigstore-java.git
sigstore,https://github.com/sigstore/sigstore
simd,https://github.com/ermig1979/Simd
simdjson,https://github.com/simdjson/simdjson.git
simdutf,https://github.com/simdutf/simdutf
simplejson,https://github.com/simplejson/simplejson
six,https://github.com/benjaminp/six
skcms,https://skia.googlesource.com/skcms.git
sketches-core,https://github.com/DataSketches/sketches-core
skia-ftz,https://skia.googlesource.com/skia.git
skia,https://skia.googlesource.com/skia.git
skipper,https://github.com/zalando/skipper
sleuthkit,https://github.com/sleuthkit/sleuthkit
slf4j-api,https://github.com/qos-ch/slf4j.git
smart_open,https://github.com/RaRe-Technologies/smart_open
smt,https://github.com/celestiaorg/smt
snakeyaml,https://bitbucket.org/snakeyaml/snakeyaml.git
snappy-java,https://github.com/xerial/snappy-java.git
snappy,https://github.com/google/snappy
snort3,https://github.com/snort3/snort3.git
solidity,https://github.com/ethereum/solidity.git
sound-open-firmware,https://github.com/thesofproject/sof
soupsieve,https://github.com/facelessuser/soupsieve
spatial4j,https://github.com/locationtech/spatial4j
spdk,https://github.com/spdk/spdk
spdlog,https://github.com/gabime/spdlog.git
speex,https://gitlab.xiph.org/xiph/speex.git
spice-usbredir,https://gitlab.freedesktop.org/spice/usbredir.git
spicy,https://github.com/zeek/spicy
spidermonkey-ufi,https://hg.mozilla.org/mozilla-central/
spidermonkey,https://hg.mozilla.org/mozilla-central/
spirv-tools,https://github.com/KhronosGroup/SPIRV-Tools.git
spotify-json,https://github.com/spotify/spotify-json
spring-amqp,https://github.com/spring-projects/spring-amqp.git
spring-boot,https://github.com/spring-projects/spring-boot.git
spring-cloud-commons,https://github.com/spring-cloud/spring-cloud-commons.git
spring-cloud-config,https://github.com/spring-cloud/spring-cloud-config.git
spring-cloud-netflix,https://github.com/spring-cloud/spring-cloud-netflix.git
spring-cloud-sleuth-brave,https://github.com/spring-cloud/spring-cloud-sleuth
spring-cloud-stream,https://github.com/spring-projects/spring-data-mongodb.git
spring-data-jpa,https://github.com/spring-projects/spring-data-jpa.git
spring-data-keyvalue,https://github.com/spring-projects/spring-data-keyvalue.git
spring-data-mongodb,https://github.com/spring-projects/spring-data-mongodb.git
spring-data-redis,https://github.com/spring-projects/spring-boot.git
spring-framework,https://github.com/spring-projects/spring-framework.git
spring-integration,https://github.com/spring-projects/spring-integration.git
spring-ldap,https://github.com/spring-projects/spring-ldap.git
spring-retry,https://github.com/spring-projects/spring-retry.git
spring-security,https://github.com/spring-projects/spring-security.git
spring-shell,https://github.com/spring-projects/spring-shell.git
spring-webflow,https://github.com/spring-projects/spring-webflow.git
sql-parser,https://github.com/hyrise/sql-parser
sqlalchemy-utils,https://github.com/kvesteri/sqlalchemy-utils
sqlalchemy,https://github.com/sqlalchemy/sqlalchemy
sqlalchemy_jsonfield,https://github.com/penguinolog/sqlalchemy_jsonfield
sqlite-jdbc,https://github.com/xerial/sqlite-jdbc
sqlite3,https://sqlite.org/src/dir
sqlparse,https://github.com/andialbrecht/sqlparse
stack_data,https://github.com/alexmojaki/stack_data
starlark-rust,https://github.com/facebookexperimental/starlark-rust.git
stax,https://github.com/openjdk/jdk/tree/master/src/java.xml/share/classes
stb,https://github.com/nothings/stb.git
stringtemplate4,https://github.com/antlr/stringtemplate4.git
strongswan,https://github.com/strongswan/strongswan.git
struts,https://github.com/apache/struts.git
sudoers,https://github.com/sudo-project/sudo
suricata,https://github.com/OISF/suricata.git
surrealdb,https://github.com/surrealdb/surrealdb
swagger-core,https://github.com/swagger-api/swagger-core
swc,https://github.com/swc-project/swc
swift-nio,https://github.com/apple/swift-nio.git
swift-protobuf,https://github.com/apple/swift-protobuf.git
systemd,https://github.com/systemd/systemd
syzkaller,https://github.com/google/syzkaller
tablesaw,https://github.com/jtablesaw/tablesaw/
tailscale,https://github.com/tailscale/tailscale
tarantool,https://github.com/tarantool/tarantool
tcmalloc,https://github.com/google/tcmalloc
tdengine,https://github.com/taosdata/TDengine
teleport,https://github.com/gravitational/teleport
tendermint,https://github.com/tendermint/tendermint
tensorflow-addons,https://github.com/tensorflow/addons
tensorflow-py,https://github.com/tensorflow/tensorflow
tensorflow-serving,https://github.com/tensorflow/serving
tensorflow,https://github.com/tensorflow/tensorflow
tesseract-ocr,https://github.com/tesseract-ocr/tesseract
textwrap,https://github.com/mgeisler/textwrap.git
threetenbp,https://github.com/ThreeTen/threetenbp
thrift,https://github.com/apache/thrift
tidb,https://github.com/pingcap/tidb
tidy-html5,https://github.com/htacg/tidy-html5.git
timestamp-authority,https://github.com/sigstore/timestamp-authority
tink,https://github.com/google/tink
tinycss2,https://github.com/Kozea/tinycss2/
tinygltf,https://github.com/syoyo/tinygltf.git
tinyobjloader,https://github.com/tinyobjloader/tinyobjloader
tinyusb,https://github.com/hathach/tinyusb.git
tinyxml2,https://github.com/leethomason/tinyxml2
tmux,https://github.com/tmux/tmux.git
tokio,https://github.com/tokio-rs/tokio
tomcat,https://github.com/apache/tomcat
toml,https://github.com/uiri/toml/
toml_edit,https://github.com/ordian/toml_edit
tomli,https://github.com/hukkinj1/tomli
tomlkit,https://github.com/sdispater/tomlkit
tomlplusplus,https://github.com/marzer/tomlplusplus.git
toolbelt,https://github.com/requests/toolbelt
toolz,https://github.com/pytoolz/toolz
tor,https://git.torproject.org/tor.git
tpm2-tss,https://github.com/tstruk/tpm2-tss.git
tpm2,https://chromium.googlesource.com/chromiumos/third_party/tpm2
tqdm,https://github.com/tqdm/tqdm
trafficserver,https://github.com/apache/trafficserver
tremor,https://gitlab.xiph.org/xiph/tremor.git
trust-dns,https://github.com/bluejekyll/trust-dns
tslib,https://github.com/microsoft/tslib
tungstenite-rs,https://github.com/snapview/tungstenite-rs
turf,https://github.com/Turfjs/turf
twelve-monkeys,https://github.com/haraldk/TwelveMonkeys
twitter4j,https://github.com/Twitter4J/Twitter4J/
typescript-example,https://github.com/CodeIntelligenceTesting/jazzer.js
typescript,https://github.com/microsoft/typescript
typing_extensions,https://github.com/python/typing_extensions
tyrus,https://github.com/eclipse-ee4j/tyrus
u-root,https://github.com/u-root/u-root.git
ua-parser-js,https://github.com/faisalman/ua-parser-js.git
uint256,https://github.com/holiman/uint256.git
ujson,https://github.com/ultrajson/ultrajson
unbound,https://github.com/NLnetLabs/unbound
underscore,https://github.com/doboy/Underscore
undertow,https://github.com/undertow-io/undertow
unicode-rs,https://github.com/unicode-rs
unicorn,https://github.com/unicorn-engine/unicorn.git
unirest-java,https://github.com/Mashape/unirest-java
unit,https://github.com/nginx/unit
univocity-parsers,https://github.com/univocity/univocity-parsers/
unrar,https://github.com/aawc/unrar.git
uriparser,https://github.com/uriparser/uriparser
uritemplate,https://github.com/python-hyper/uritemplate
urlextract,https://github.com/lipoja/URLExtract
urllib3,https://github.com/urllib3/urllib3
usbguard,https://github.com/USBGuard/usbguard
usrsctp,https://github.com/sctplab/usrsctp
utf8proc,https://github.com/JuliaStrings/utf8proc
util-linux,https://github.com/util-linux/util-linux
uwebsockets,https://github.com/uNetworking/uWebSockets.git
validators,https://github.com/python-validators/validators
valijson,https://github.com/tristanpenman/valijson
varnish,https://github.com/varnishcache/varnish-cache
vitess,https://github.com/vitessio/vitess
vlc,https://github.com/videolan/vlc
vorbis,https://gitlab.xiph.org/xiph/vorbis.git
vulkan-loader,https://github.com/khronosgroup/Vulkan-Loader.git
vulnerable-project,https://github.com/google/oss-fuzz
w3lib,https://github.com/scrapy/w3lib
w3m,https://github.com/tats/w3m
wabt,https://github.com/WebAssembly/wabt
wasm3,https://github.com/wasm3/wasm3
wasmedge,https://github.com/WasmEdge/WasmEdge.git
wasmer,https://github.com/wasmerio/wasmer
wasmtime,https://github.com/bytecodealliance/wasmtime
wavpack,https://github.com/dbry/WavPack.git
wazuh,https://github.com/wazuh/wazuh
websocket-client,https://github.com/websocket-client/websocket-client
websockets,https://github.com/aaugustin/websockets
weechat,https://github.com/weechat/weechat
wget,https://git.savannah.gnu.org/git/wget.git
wget2,https://gitlab.com/gnuwget/wget2.git
wheel,https://github.com/pypa/wheel
wireshark,https://gitlab.com/wireshark/wireshark
woff2,https://github.com/google/woff2
wolfmqtt,https://github.com/wolfSSL/wolfMQTT
wolfssl,https://github.com/wolfssl/wolfssl
woodstox,https://github.com/FasterXML/woodstox
wpantund,https://github.com/openthread/wpantund
wt,https://github.com/emweb/wt
wtforms,https://github.com/wtforms/wtforms
wuffs,https://github.com/google/wuffs.git
wxwidgets,https://github.com/wxWidgets/wxWidgets.git
xbps,https://github.com/voidlinux/xbps
xerces-c,https://svn.apache.org/repos/asf/xerces/c/trunk
xerces,http://svn.apache.org/repos/asf/xerces/java/trunk
xlrd,https://github.com/python-excel/xlrd
xlsxwriter,https://github.com/jmcnamara/XlsxWriter.git
xmlbeans,https://github.com/apache/xmlbeans
xmldom,https://github.com/xmldom/xmldom.git
xmlpull,https://github.com/xmlpull-org/xmlpull-api-v1.git
xmlsec,https://github.com/lsh123/xmlsec
xmltodict,https://github.com/martinblech/xmltodict.git
xnio-api,https://github.com/eclipse-ee4j/jax-rpc-ri.git
xnnpack,https://github.com/google/XNNPACK
xnu,https://github.com/googleprojectzero/SockFuzzer
xpdf,https://github.com/googleprojectzero/SockFuzzer
xs,https://github.com/Moddable-OpenSource/moddable.git
xstream,https://github.com/x-stream/xstream.git
xvid,http://svn.xvid.org/trunk
xz-java,https://github.com/tukaani-project/xz-java
xz,https://github.com/tukaani-project/xz.git
yajl-ruby,https://github.com/brianmario/yajl-ruby
yamlbeans,https://github.com/EsotericSoftware/yamlbeans/
yara,https://github.com/VirusTotal/yara.git
yarl,https://github.com/aio-libs/yarl
ygot,https://github.com/openconfig/ygot
zeek,https://github.com/zeek/zeek
zip-rs,https://github.com/zip-rs/zip
zip4j,https://github.com/srikanth-lingala/zip4j.git
zipp,https://github.com/jaraco/zipp
zlib-ng,https://github.com/zlib-ng/zlib-ng.git
zlib,https://github.com/madler/zlib.git
znc,https://github.com/znc/znc
zopfli,https://github.com/google/zopfli
zstd,https://github.com/facebook/zstd
zt-zip,https://github.com/zeroturnaround/zt-zip/
zxing,https://github.com/zxing/zxing.git
zydis,https://github.com/zyantific/zydis.git
